,tss,roc
,0.7085571429,0.8966410714
,,
,Native Range,Global Range 
AC 45,-35.867,-29.548
AC 85,-65.454,-58.139
BC 26,-41.306,-34.221
BC 45,-44.236,-32.861
BC 60,-52.93,-41.153
BC 85,-53.351,-45.193
CC 26,-19.341,-16.775
CC 45,-29.395,-27.154
CC 60,-27.901,-24.876
CC 85,-43.795,-42.302
HD 26,-37.878,-28.38
HD 45,-56.99,-50.996
HD 60,-44.044,-33.301
HD 85,-67.579,-58.139
HE 26,-30.486,-25.776
HE 45,-41.517,-33.263
HE 60,-49.368,-37.419
HE 85,-62.332,-54.404
