,tss,roc,clade,iucn,coverage,uncertain
1,0.695959322,0.930579661,IXODIDA,LC,Good,Good
8,LQ,1,,,,
3,-7.25,132.408,,,,
4,-8.3,176.865,,,,
5,-4.874,86.688,,,,
6,-9.241,95.86,,,,
7,-11.29,82.193,,,,
81,-5.91,170.537,,,,
9,-8.869,33.078,,,,
10,-13.388,46.125,,,,
11,-14.551,46.681,,,,
12,-11.877,119.317,,,,
13,-21.953,38.331,,,,
14,-4.551,156.113,,,,
15,-13.748,79.298,,,,
16,-10.777,146.075,,,,
17,-9.766,62.554,,,,
18,-4.355,136.29,,,,
19,-5.777,134.855,,,,
20,-5.948,204.014,,,,